{
  "$schema": "https://docs.renovatebot.com/renovate-schema.json",
  "extends": [
    "config:base",
    ":semanticCommits",
    ":preserveSemverRanges"
  ],
  "stabilityDays":7,
  "ignorePaths": [],
  "labels": ["dependencies"],
    "vulnerabilityAlerts":{
     "labels":[
       "type:security"
     ],
     "stabilityDays":0
  },
  "packageRules": [
    {
      "matchDepTypes": ["module"],
      "groupName": "TF modules",
      "separateMajorMinor":false
    },
    {
      "matchDepTypes": ["require"],
      "groupName": "GO modules",
      "postUpdateOptions": ["gomodTidy"],
      "separateMajorMinor":false
    }
  ]
}
